City ID,City,Cloudiness,Country,Date,Humidity,Lat,Lng,Max Temp,Wind Speed
0,Punta Arenas,20,CL,1587212113,80,-53.15,-70.92,42.8,9.17
1,Raja,26,SS,1587212113,5,8.46,25.68,108.28,2.55
2,Mar del Plata,75,AR,1587212012,100,-38.0,-57.56,57.0,13.87
3,Rikitea,10,PF,1587212114,69,-23.12,-134.97,76.8,6.02
4,Puerto del Rosario,40,ES,1587212114,72,28.5,-13.86,68.0,8.05
5,Mataura,68,NZ,1587212114,91,-46.19,168.86,48.99,7.0
6,Ushuaia,75,AR,1587212115,34,-54.8,-68.3,50.0,13.87
7,Dukat,100,RU,1587212115,84,62.55,155.55,-1.14,5.88
8,Saint-Philippe,31,RE,1587212115,69,-21.36,55.77,82.4,24.16
9,Sarkand,66,KZ,1587212115,32,45.41,79.92,60.28,4.38
10,Puerto Ayora,100,EC,1587212116,94,-0.74,-90.35,75.0,6.29
11,Fortuna,90,US,1587212116,100,40.6,-124.16,51.01,2.89
12,Cayenne,90,GF,1587212116,100,4.93,-52.33,77.0,6.96
13,Albany,100,US,1587211898,89,42.6,-73.97,35.01,6.06
14,Jamestown,40,US,1587212061,100,42.1,-79.24,30.99,6.93
15,Cap Malheureux,75,MU,1587212117,74,-19.98,57.61,82.0,16.11
16,Half Moon Bay,90,US,1587212118,62,37.46,-122.43,55.4,5.82
17,Nikolskoye,75,RU,1587212118,56,59.7,30.79,42.8,20.13
18,Hay River,75,CA,1587212118,79,60.82,-115.8,26.6,6.93
19,Hilo,90,US,1587211848,83,19.73,-155.09,71.6,3.36
20,Busselton,100,AU,1587212119,58,-33.65,115.33,64.0,10.47
21,Nouadhibou,20,MR,1587212119,60,20.93,-17.03,73.4,16.11
22,George Town,20,MY,1587212119,79,5.41,100.34,87.8,10.29
23,Neiafu,88,TO,1587212119,81,-18.65,-173.98,80.02,18.72
24,Flinders,36,AU,1587212119,83,-34.58,150.86,55.0,2.37
25,Bexhill,63,AU,1587212120,93,-28.77,153.35,60.01,2.82
26,Eureka,40,US,1587212120,87,40.8,-124.16,53.01,2.84
27,Upernavik,100,GL,1587212120,96,72.79,-56.15,25.75,20.6
28,Lompoc,90,US,1587212121,87,34.64,-120.46,54.0,8.01
29,Norman Wells,75,CA,1587212121,86,65.28,-126.83,28.4,3.36
30,Dikson,100,RU,1587212121,91,73.51,80.55,34.72,15.23
31,Bethel,90,US,1587211825,100,41.37,-73.41,36.0,5.82
32,Bayanday,90,RU,1587211926,50,53.07,105.51,37.85,9.84
33,New Norfolk,91,AU,1587212122,81,-42.78,147.06,48.99,3.83
34,Klaksvík,0,FO,1587212122,75,62.23,-6.59,46.4,19.46
35,Mitú,99,CO,1587212122,92,1.2,-70.17,71.19,3.83
36,Tasiilaq,75,GL,1587212122,89,65.61,-37.64,32.0,16.11
37,Tuktoyaktuk,100,CA,1587212122,96,69.45,-133.04,13.8,10.04
38,Najrān,40,SA,1587212123,23,17.49,44.13,95.0,5.82
39,Nuristan,76,AF,1587212123,29,35.3,70.83,31.77,3.76
40,Cabo San Lucas,34,MX,1587212113,78,22.89,-109.91,64.99,5.99
41,East London,20,ZA,1587212124,73,-33.02,27.91,77.0,11.41
42,Aksu,99,CN,1587212124,30,41.12,80.26,64.67,2.3
43,Guerrero Negro,12,MX,1587212124,78,27.98,-114.06,57.61,12.5
44,Khatanga,0,RU,1587212125,94,71.97,102.5,17.83,9.15
45,Ostrovnoy,100,RU,1587212125,95,68.05,39.51,32.65,17.25
46,Marsá Maţrūḩ,40,EG,1587212125,59,31.35,27.25,66.2,9.17
47,Amesbury,100,US,1587212126,92,42.86,-70.93,34.0,10.69
48,Hermanus,23,ZA,1587212126,33,-34.42,19.23,87.01,5.99
49,Katangli,100,RU,1587212126,97,51.71,143.23,25.54,7.31
50,Castro,60,BR,1587211992,59,-24.79,-50.01,57.63,6.62
51,Bredasdorp,15,ZA,1587212126,36,-34.53,20.04,84.99,10.29
52,Nome,90,US,1587212127,100,64.5,-165.41,35.6,13.87
53,Grand Gaube,75,MU,1587212127,74,-20.01,57.66,82.0,16.11
54,Sur,0,OM,1587212127,57,22.57,59.53,85.33,9.17
55,Itoman,40,JP,1587212128,83,26.12,127.67,73.4,10.29
56,San Jerónimo,97,PE,1587212128,27,-11.95,-75.28,46.38,2.55
57,Palāsa,30,IN,1587212128,66,18.77,84.42,85.86,18.25
58,Hasaki,40,JP,1587212129,87,35.73,140.83,54.0,4.7
59,Kostino,100,RU,1587212129,88,58.91,53.27,35.62,9.35
60,Karratha,89,AU,1587212129,57,-20.74,116.85,86.09,11.27
61,Chase,92,CA,1587212129,97,50.82,-119.69,41.0,3.62
62,Karlskoga,1,SE,1587212130,27,59.33,14.52,54.0,13.87
63,Yantal',97,RU,1587212130,88,56.85,105.25,26.4,9.15
64,Tigil',96,RU,1587212130,95,57.8,158.67,22.57,7.23
65,Oriximiná,100,BR,1587212130,86,-1.77,-55.87,76.6,3.6
66,Carnarvon,16,AU,1587212131,88,-24.87,113.63,78.8,9.17
67,Tanout,35,NE,1587212131,6,14.97,8.89,102.42,14.34
68,Regen,99,DE,1587212131,100,48.97,13.13,71.01,2.89
69,Bodden Town,20,KY,1587212131,94,19.28,-81.25,80.01,8.41
70,Mahébourg,75,MU,1587212131,74,-20.41,57.7,82.0,16.11
71,Port Alfred,34,ZA,1587212132,86,-33.59,26.89,72.0,1.99
72,Acaraú,31,BR,1587212132,84,-2.89,-40.12,81.25,3.58
73,Cape Town,26,ZA,1587212100,17,-33.93,18.42,86.0,4.7
74,Coquimbo,90,CL,1587212132,100,-29.95,-71.34,53.6,3.36
75,Lebu,100,CL,1587212132,93,-37.62,-73.65,59.81,2.82
76,Yangi Marg`ilon,34,UZ,1587212132,16,40.43,71.72,78.8,4.7
77,Herne Bay,79,GB,1587212132,94,51.37,1.13,50.0,3.0
78,Thohoyandou,77,ZA,1587212133,38,-22.95,30.48,81.88,4.45
79,Barrow,1,US,1587212133,77,71.29,-156.79,-2.2,8.05
80,Maceió,75,BR,1587212033,78,-9.67,-35.74,82.4,3.36
81,Tooele,90,US,1587212058,60,40.53,-112.3,42.01,9.17
82,Shingū,2,JP,1587212134,60,33.73,135.98,57.11,20.47
83,Colac,100,AU,1587212134,97,-38.33,143.58,52.0,0.96
84,Lewistown,90,US,1587212134,93,40.6,-77.57,43.0,8.05
85,Chokurdakh,0,RU,1587212135,86,70.63,147.92,-12.5,5.75
86,Kawalu,100,ID,1587212135,81,-7.38,108.21,75.09,2.28
87,Arraial do Cabo,40,BR,1587212135,78,-22.97,-42.03,75.2,14.99
88,Tiznit Province,20,MA,1587212135,28,29.58,-9.5,69.1,8.21
89,Honiara,75,SB,1587211949,100,-9.43,159.95,77.0,3.8
90,Mazatlán,50,MX,1587211982,93,23.22,-106.42,66.99,2.71
91,Yeppoon,43,AU,1587212135,69,-23.13,150.73,77.0,5.82
92,Semnan,27,IR,1587212135,18,35.57,53.4,69.66,5.77
93,Gao,15,ML,1587212136,6,16.64,1.64,106.43,10.56
94,Longyearbyen,75,SJ,1587212045,94,78.22,15.64,32.0,4.7
95,Bogorodskoye,94,RU,1587212136,56,56.55,37.88,43.32,12.68
96,Saint-Augustin,14,CA,1587212137,89,51.23,-58.65,23.16,7.18
97,Krasnosel'kup,100,RU,1587212137,87,65.7,82.47,40.6,23.87
98,Hobart,40,AU,1587211954,66,-42.88,147.33,48.99,3.36
99,Kiruna,1,SE,1587212138,69,67.86,20.23,39.2,14.99
100,Anloga,20,GH,1587212138,70,5.79,0.9,89.6,14.99
101,Kenai,90,US,1587212138,93,60.55,-151.26,39.0,3.36
102,Bereda,0,ES,1587212138,56,43.27,-7.54,64.0,10.0
103,Adrar,93,MR,1587212138,25,20.5,-10.07,84.0,14.18
104,Yellowknife,40,CA,1587212122,72,62.46,-114.35,14.0,8.05
105,Souillac,75,MU,1587212139,74,-20.52,57.52,82.0,16.11
106,Bluff,53,NZ,1587212139,91,-46.6,168.33,48.99,7.0
107,Mehamn,99,NO,1587212139,87,71.04,27.85,35.83,15.19
108,Sioux Lookout,90,CA,1587212112,55,50.1,-91.92,39.2,8.05
109,Omboué,45,GA,1587212139,79,-1.57,9.26,83.32,5.99
110,Azoyú,70,MX,1587212139,64,16.72,-98.73,75.47,1.9
111,Istok,40,XK,1587212139,15,42.78,20.49,75.2,5.82
112,Rawson,100,AR,1587211965,73,-43.3,-65.1,63.05,7.87
113,Troitskaya,100,RU,1587212140,38,43.31,44.98,64.4,4.47
114,Cherskiy,7,RU,1587212140,88,68.75,161.3,-2.07,6.91
115,Saint Anthony,1,US,1587212140,60,45.02,-93.22,41.0,11.41
116,Geraldton,90,AU,1587212140,73,-28.77,114.6,73.4,12.75
117,Curup,85,ID,1587212140,78,-3.47,102.53,71.33,0.27
118,Eskişehir,0,TR,1587212140,30,39.78,30.52,69.8,11.41
119,Avarua,1,CK,1587212141,88,-21.21,-159.78,73.4,2.24
120,Nelson Bay,0,AU,1587212141,81,-32.72,152.15,53.6,4.92
121,Wattegama,61,LK,1587212141,67,6.8,81.48,84.34,5.5
122,São Félix do Xingu,98,BR,1587212141,86,-6.64,-51.99,74.41,0.38
123,Ferme-Neuve,8,CA,1587212141,86,46.7,-75.45,30.54,3.65
124,Synya,100,RU,1587212141,91,65.37,58.04,41.49,2.37
125,Nsanje,42,MW,1587212141,58,-16.92,35.26,86.58,8.34
126,Qaanaaq,1,GL,1587212141,77,77.48,-69.36,12.78,5.91
127,Kizema,98,RU,1587212142,67,61.11,44.83,41.05,4.99
128,Khāsh,89,IR,1587212142,18,28.22,61.22,74.64,6.38
129,Duminichi,90,RU,1587212142,57,53.93,35.11,42.91,14.43
130,Contamana,99,PE,1587212142,77,-7.33,-75.02,70.18,2.24
131,Richards Bay,1,ZA,1587212142,60,-28.78,32.04,79.32,10.2
132,Butaritari,86,KI,1587212142,75,3.07,172.79,83.64,16.04
133,Santa Cruz,40,MA,1587212142,41,30.42,-9.6,75.2,5.82
134,Fare,100,PF,1587212143,68,-16.7,-151.02,83.32,2.59
135,Bambous Virieux,75,MU,1587212143,74,-20.34,57.76,82.0,16.11
136,Srednekolymsk,92,RU,1587212143,90,67.45,153.68,-6.95,9.86
137,Kilindoni,96,TZ,1587212143,77,-7.91,39.67,83.1,17.85
138,Saint Paul Harbor,90,US,1587212144,81,57.79,-152.41,44.6,6.93
139,Airai,34,TL,1587212144,69,-8.93,125.41,62.55,2.64
140,Kapaa,75,US,1587212144,78,22.08,-159.32,73.4,12.75
141,Labuhan,100,ID,1587212144,79,-6.88,112.21,81.82,5.26
142,Walvis Bay,2,NA,1587212144,68,-22.96,14.51,64.4,11.41
143,Beringovskiy,100,RU,1587212144,96,63.05,179.32,17.02,20.69
144,Umba,95,RU,1587212144,90,66.69,34.34,34.47,14.94
145,Adet,49,ET,1587212145,12,11.26,37.49,82.2,8.59
146,Pocatello,1,US,1587212145,79,42.87,-112.45,33.01,4.7
147,Hamilton,75,US,1587212117,74,39.18,-84.53,37.4,6.93
148,Gallup,1,US,1587212145,54,35.53,-108.74,39.99,3.36
149,Sambava,64,MG,1587212146,62,-14.27,50.17,83.61,10.83
150,Eenhana,6,NA,1587212146,43,-17.47,16.33,89.6,10.29
151,Vaini,40,TO,1587212146,78,-21.2,-175.2,77.0,9.17
152,Pemagatsel,61,BT,1587212146,56,27.03,91.43,60.04,2.21
153,St. George's,40,GD,1587212147,78,12.06,-61.75,80.6,11.41
154,Imbituba,75,BR,1587212082,60,-28.24,-48.67,68.0,4.7
155,Taoudenni,4,ML,1587212147,11,22.68,-3.98,103.69,6.6
156,Bantou,100,CN,1587212148,66,26.22,117.49,74.71,3.13
157,Nador,75,MA,1587212148,100,35.17,-2.93,64.4,6.02
158,Dicabisagan,96,PH,1587212148,83,17.08,122.42,80.06,7.09
159,Lamu,100,KE,1587212149,67,-2.27,40.9,86.0,6.89
160,Ribeira Grande,75,PT,1587212149,93,38.52,-28.7,62.6,12.75
161,Oussouye,96,SN,1587212149,65,12.48,-16.55,89.6,13.87
162,Esperance,75,AU,1587211924,88,-33.87,121.9,64.4,10.29
163,Bongandanga,100,CD,1587212149,74,1.5,21.05,76.78,2.15
164,Magé,75,BR,1587212149,78,-22.65,-43.04,71.6,3.36
165,Port Hedland,100,AU,1587212150,79,-20.32,118.57,84.2,8.05
166,Alofi,4,NU,1587212110,94,-19.06,-169.92,77.0,9.17
167,Ingersoll,90,CA,1587212150,100,43.03,-80.88,30.2,2.24
168,Songea,40,TZ,1587212151,69,-10.68,35.65,77.0,16.11
169,Balclutha,58,NZ,1587212151,86,-46.23,169.75,50.0,1.99
170,Togur,90,RU,1587212152,53,58.36,82.83,51.13,8.72
171,Aripuanã,83,BR,1587212152,90,-9.17,-60.63,74.28,4.65
172,Vostok,100,RU,1587212080,71,46.49,135.88,39.45,2.71
173,Bāglung,80,NP,1587212153,29,28.27,83.59,73.44,1.83
174,Marawi,60,PH,1587212153,73,8.0,124.29,70.81,2.71
175,Dongsheng,100,CN,1587212153,42,39.82,109.98,45.66,8.55
176,Joshīmath,75,IN,1587212153,26,30.57,79.57,57.67,2.3
177,Lakes Entrance,99,AU,1587212154,74,-37.88,147.98,55.99,4.0
178,Chui,0,UY,1587212154,80,-33.7,-53.46,64.24,0.74
179,Turaif,75,SA,1587212154,33,31.67,38.66,77.0,9.17
180,San Francisco,90,US,1587211920,62,37.77,-122.42,55.99,4.7
181,Baswa,100,IN,1587212155,11,27.15,76.58,98.89,13.44
182,Saskylakh,0,RU,1587212155,86,71.92,114.08,8.74,3.69
183,Gävle,0,SE,1587212049,38,60.67,17.14,51.01,5.99
184,Kaitangata,50,NZ,1587212155,86,-46.28,169.85,51.01,1.99
185,Sungai Penuh,99,ID,1587212155,73,-2.08,101.38,69.21,0.67
186,Severo-Kuril'sk,0,RU,1587212155,93,50.68,156.12,30.87,10.74
187,Kita,73,ML,1587212156,11,13.03,-9.49,108.37,1.7
188,Ust-Nera,100,RU,1587212156,77,64.57,143.2,-4.52,7.45
189,San Patricio,89,MX,1587212156,58,19.22,-104.7,74.86,4.14
190,Erdenet,73,MN,1587212156,51,49.03,104.08,33.4,15.14
191,Thompson,40,CA,1587212117,70,55.74,-97.86,-2.2,6.93
192,Marfino,40,RU,1587212157,55,55.7,37.38,39.2,11.18
193,Nanzhang,100,CN,1587212157,83,31.78,111.84,52.11,8.99
194,Te Anau,99,NZ,1587212157,78,-45.42,167.72,42.76,5.26
195,Dunedin,32,NZ,1587212158,91,-45.87,170.5,52.0,6.89
196,Buala,97,SB,1587212158,81,-8.14,159.59,80.56,7.61
197,Lázaro Cárdenas,0,MX,1587212158,59,17.96,-102.2,73.42,3.51
198,Alingsås,45,SE,1587212158,39,57.93,12.53,48.99,8.05
199,Taltal,26,CL,1587212158,66,-25.4,-70.48,65.25,0.67
200,Betanzos,40,ES,1587212158,82,43.28,-8.21,59.0,4.7
201,Antofagasta,90,CL,1587211975,82,-23.65,-70.4,62.6,1.12
202,Lékoni,81,GA,1587212159,44,-1.58,14.26,89.51,3.49
203,Raudeberg,0,NO,1587212159,31,61.99,5.14,50.0,3.36
204,Lorengau,96,PG,1587212159,74,-2.02,147.27,83.64,5.57
205,Mogadishu,40,SO,1587212020,59,2.04,45.34,91.4,11.41
206,Arvika,13,SE,1587212160,36,59.66,12.59,51.01,8.05
207,Tornio,90,FI,1587212160,55,65.85,24.15,39.2,21.92
208,Ternate,100,ID,1587212160,77,0.8,127.4,81.77,0.81
209,Āsosa,96,ET,1587212160,6,10.07,34.53,93.31,7.36
210,Kāzerūn,93,IR,1587212160,20,29.62,51.65,73.78,3.36
211,Port-Gentil,40,GA,1587212161,74,-0.72,8.78,87.8,11.41
212,Belmonte,90,BR,1587212161,94,-15.86,-38.88,73.4,6.93
213,Avera,75,US,1587212161,79,33.19,-82.53,63.0,10.85
214,Warrington,40,GB,1587212161,81,53.39,-2.58,50.0,5.82
215,Atuona,35,PF,1587212109,74,-9.8,-139.03,81.9,13.31
216,Sobolevo,97,RU,1587212161,58,54.43,31.9,43.25,15.01
217,Mackay,5,AU,1587211979,83,-21.15,149.2,75.99,5.82
218,Marrakesh,75,MA,1587212162,44,31.63,-8.01,75.2,4.7
219,Key West,1,US,1587212061,78,24.56,-81.78,81.0,8.05
220,Kruisfontein,1,ZA,1587212162,29,-34.0,24.73,80.44,8.34
221,Pevek,0,RU,1587211926,90,69.7,170.31,-2.34,7.29
222,Coripata,40,BO,1587212163,46,-16.3,-67.6,33.8,4.7
223,Kailua,40,US,1587211922,54,21.4,-157.74,78.8,10.29
224,Pangnirtung,100,CA,1587212163,87,66.15,-65.71,2.14,1.74
225,Hithadhoo,97,MV,1587212163,75,-0.6,73.08,84.27,14.38
226,Bonthe,96,SL,1587212164,65,7.53,-12.51,86.54,10.07
227,Iqaluit,40,CA,1587212164,70,63.75,-68.51,0.0,4.7
228,Tuatapere,88,NZ,1587212164,91,-46.13,167.68,48.99,7.0
229,Marsh Harbour,18,BS,1587212164,83,26.54,-77.06,77.29,14.94
230,Mount Isa,50,AU,1587212164,26,-20.73,139.5,82.4,10.29
231,Ligayan,58,PH,1587212164,73,4.65,119.47,84.79,6.55
232,Kiryat Gat,0,IL,1587212165,67,31.61,34.76,78.01,4.0
233,Porto-Novo,40,BJ,1587212165,75,6.5,2.6,89.6,13.87
234,Kholm,100,RU,1587212165,68,59.27,32.85,40.62,9.62
235,Nyurba,100,RU,1587212165,93,63.28,118.33,12.65,4.79
236,Mayo,90,US,1587212165,87,38.89,-76.51,48.99,3.31
237,Masvingo,55,ZW,1587212165,40,-20.06,30.83,77.95,11.7
238,Safaga,100,EG,1587212165,26,26.73,33.94,82.4,8.05
239,Nantucket,90,US,1587212166,86,41.28,-70.1,41.0,19.46
240,Pisco,49,PE,1587212166,82,-13.7,-76.22,66.2,8.05
241,Riofrío,40,CO,1587212166,100,4.16,-76.29,68.0,2.24
242,Sydney,20,AU,1587212057,72,-33.87,151.21,62.6,5.82
243,Gourcy,76,BF,1587212166,17,13.22,-2.35,103.53,9.48
244,Nizhniy Kuranakh,100,RU,1587211925,87,58.84,125.49,12.78,3.04
245,Provideniya,100,RU,1587212167,95,64.38,-173.3,22.17,21.45
246,Codrington,91,AU,1587212167,71,-38.27,141.97,55.62,4.07
247,Ati,43,TD,1587212168,5,13.22,18.34,105.6,9.95
248,Olinda,20,BR,1587212168,83,-8.01,-34.86,82.4,4.7
249,Salalah,20,OM,1587212042,62,17.02,54.09,87.8,11.41
250,Methven,45,NZ,1587212168,91,-43.63,171.65,50.0,3.0
251,Gushikawa,1,JP,1587212168,73,26.35,127.87,77.0,7.25
252,Seoul,1,KR,1587212168,62,37.57,126.98,59.0,3.36
253,Hambantota,79,LK,1587212169,73,6.12,81.12,85.41,8.86
254,Kāvali,1,IN,1587212169,63,14.92,79.98,87.67,14.65
255,Poum,100,NC,1587212169,76,-20.23,164.02,78.71,12.97
256,Abu Dhabi,1,AE,1587212043,51,24.47,54.37,86.0,11.41
257,Faanui,100,PF,1587212169,66,-16.48,-151.75,82.76,6.22
258,Jaumave,71,MX,1587212170,65,23.42,-99.38,73.0,1.01
259,Warragul,100,AU,1587212170,93,-38.17,145.93,53.01,1.99
260,Hong Kong,99,HK,1587211926,83,22.29,114.16,73.99,7.0
261,São Gabriel da Cachoeira,100,BR,1587212170,95,-0.13,-67.09,72.64,2.68
262,Turka,20,UA,1587212170,15,49.15,23.03,62.01,1.01
263,Ponta do Sol,19,PT,1587212171,65,32.67,-17.1,63.0,1.99
264,Sitka,90,US,1587212171,100,57.05,-135.33,39.2,3.36
265,San Cristobal,31,VE,1587212171,48,7.77,-72.22,70.7,2.1
266,Vestmannaeyjar,90,IS,1587212172,93,63.44,-20.27,44.6,16.11
267,Mossamedes,75,AO,1587212172,69,-15.2,12.15,77.0,11.41
268,Leningradskiy,96,RU,1587212172,92,69.38,178.42,-1.01,7.38
269,Sterling Heights,1,US,1587212071,85,42.58,-83.03,35.01,4.7
270,Show Low,1,US,1587212173,29,34.25,-110.03,39.2,10.29
271,Oddur,100,SO,1587212173,33,4.12,43.89,92.73,13.13
272,Penzance,75,GB,1587212173,100,50.12,-5.54,51.8,17.22
273,Alamosa,1,US,1587212173,45,37.47,-105.87,30.2,4.7
274,Askiz,0,RU,1587212173,40,53.13,90.53,50.67,15.97
275,Diego de Almagro,1,CL,1587212173,26,-26.37,-70.05,67.71,1.39
276,Itupiranga,75,BR,1587212174,100,-5.13,-49.33,77.0,1.12
277,Buenos Aires,0,AR,1587212066,77,-34.61,-58.38,66.0,10.29
278,Nyuksenitsa,95,RU,1587212174,68,60.41,44.24,40.41,6.98
279,Upata,77,VE,1587212174,60,8.01,-62.4,76.6,6.26
280,Talcahuano,90,CL,1587212174,100,-36.72,-73.12,60.8,3.36
281,Hobyo,89,SO,1587212175,60,5.35,48.53,88.47,13.15
282,Caramay,8,PH,1587212175,76,10.18,119.24,82.85,5.06
283,Naze,67,JP,1587212175,72,28.37,129.48,66.2,3.36
284,Vila Velha,93,BR,1587212175,65,-20.33,-40.29,77.0,16.11
285,Goiás,100,BR,1587212176,76,-15.58,-49.64,72.18,4.47
286,Anadyr,75,RU,1587212176,85,64.75,177.48,15.8,17.9
287,Selma,98,US,1587212176,100,36.57,-119.61,57.2,1.83
288,Vao,2,NC,1587212176,72,-22.67,167.48,74.97,13.89
289,Namatanai,100,PG,1587212176,76,-3.67,152.43,82.18,5.26
290,Leh,75,IN,1587212121,12,34.17,77.58,44.53,5.53
291,Tiksi,100,RU,1587212177,94,71.69,128.87,11.12,5.66
292,Talnakh,93,RU,1587212177,74,69.49,88.4,37.4,29.08
293,Chagoda,98,RU,1587212177,70,59.16,35.33,38.84,11.72
294,Sisimiut,100,GL,1587212177,94,66.94,-53.67,23.7,9.46
295,Aklavik,90,CA,1587212177,98,68.22,-135.01,32.0,3.36
296,Lavrentiya,100,RU,1587211926,96,65.58,-171.0,19.47,18.72
297,Chapais,1,CA,1587212177,92,49.78,-74.85,23.0,10.29
298,Baghmara,55,IN,1587212178,14,23.8,86.21,99.86,7.23
299,Gagnoa,95,CI,1587212178,56,6.13,-5.94,87.62,5.06
300,Monrovia,98,LR,1587212178,78,6.3,-10.8,83.55,12.48
301,Cacoal,69,BR,1587212178,75,-11.44,-61.45,69.42,6.31
302,Río Gallegos,0,AR,1587212178,80,-51.62,-69.22,41.0,11.41
303,Blacksburg,90,US,1587212012,93,37.23,-80.41,44.6,9.17
304,Santa Vitória do Palmar,0,BR,1587212179,81,-33.52,-53.37,64.78,2.42
305,Waipawa,3,NZ,1587212179,67,-41.41,175.52,60.8,19.46
306,Evanston,20,US,1587211974,80,42.04,-87.69,37.0,10.29
307,Assiniboia,92,CA,1587212179,73,49.63,-105.98,32.85,8.52
308,Ilulissat,90,GL,1587212180,85,69.22,-51.1,24.8,12.75
309,Shubarkuduk,99,KZ,1587212180,41,49.14,56.49,62.11,21.97
310,Panguipulli,40,CL,1587212180,100,-39.63,-72.33,59.0,4.7
311,Hofn,84,IS,1587212180,85,64.25,-15.21,43.68,12.15
312,Beloha,0,MG,1587212180,33,-25.17,45.05,88.75,9.31
313,Mezen',96,RU,1587212181,83,65.85,44.24,38.75,5.32
314,Noshiro,75,JP,1587212181,81,40.2,140.02,48.2,4.7
315,Gravdal,75,NO,1587212181,93,68.12,13.5,41.0,13.38
316,Tura,31,IN,1587212181,67,25.52,90.22,80.08,3.47
317,Yar-Sale,100,RU,1587212181,98,66.83,70.83,36.61,17.58
318,Mount Gambier,90,AU,1587212182,87,-37.83,140.77,50.0,4.7
319,Morro Bay,67,US,1587211935,91,35.37,-120.85,55.0,5.26
320,Tendūkheda,41,IN,1587212182,34,23.4,79.55,83.79,14.38
321,Zhangaözen,46,KZ,1587212182,21,43.3,52.8,72.93,10.09
322,Reconquista,0,AR,1587212183,67,-29.15,-59.65,62.78,5.86
323,Dalby,54,AU,1587212183,82,-27.18,151.27,57.99,1.83
324,Lumding,100,IN,1587212183,49,25.75,93.17,82.4,1.66
325,Viedma,98,AR,1587212184,49,-40.81,-63.0,67.87,17.0
326,Jiuquan,1,CN,1587212184,18,39.74,98.52,59.79,6.17
327,Kaniama,72,CD,1587212184,56,-7.57,24.18,81.72,3.18
328,Mackenzie,1,CA,1587212184,86,55.3,-123.17,28.4,2.24
329,Krasnovishersk,100,RU,1587212185,93,60.41,57.08,37.26,4.05
330,Oktyabr'skiy,87,RU,1587212186,51,54.48,53.47,47.3,13.22
331,La Ronge,90,CA,1587212186,73,55.1,-105.28,23.0,10.29
332,São João da Barra,66,BR,1587212186,69,-21.64,-41.05,75.2,6.93
333,Aborlan,20,PH,1587212186,74,9.44,118.55,86.0,9.17
334,Panalingaan,30,PH,1587212187,76,8.78,117.42,84.6,9.26
335,Galegos,20,PT,1587212187,72,41.56,-8.57,64.0,6.93
336,South Kazakhstan Region,0,KZ,1587212187,16,43.0,68.0,76.66,1.92
337,Wiesmoor,42,DE,1587212187,44,53.42,7.73,61.0,13.87
338,Bathsheba,40,BB,1587212187,65,13.22,-59.52,82.4,14.99
339,Nizhneudinsk,98,RU,1587212188,65,54.91,99.03,37.83,7.47
340,Traralgon,100,AU,1587212188,93,-38.18,146.53,54.0,3.65
341,Homer,90,US,1587212188,93,59.64,-151.55,44.6,4.7
342,Lagoa,95,PT,1587212188,84,39.05,-27.98,62.28,13.76
343,Matara,91,LK,1587212188,71,5.95,80.54,85.05,7.47
344,Kathmandu,75,NP,1587211976,56,27.72,85.32,71.6,6.93
345,Tual,100,ID,1587212189,76,-5.67,132.75,84.4,7.09
346,Kavieng,96,PG,1587212189,79,-2.57,150.8,82.9,8.57
347,Nuuk,75,GL,1587212189,68,64.18,-51.72,28.4,6.93
348,Deming,1,US,1587212190,49,32.27,-107.76,46.4,10.29
349,Merke,2,KZ,1587212090,32,42.87,73.18,66.65,5.12
350,Peru,1,US,1587212191,100,40.75,-86.07,33.01,6.93
351,Sitrah,98,BH,1587212191,69,26.15,50.62,78.8,9.17
352,Bulgan,63,MN,1587212191,50,48.81,103.53,35.26,17.05
353,Adelaide,90,AU,1587211970,93,-34.93,138.6,60.01,8.05
354,Kahului,1,US,1587212083,73,20.89,-156.47,69.8,6.93
355,Daru,75,PG,1587212192,87,-9.08,143.21,79.45,8.59
356,Philadelphia,90,US,1587211965,87,39.95,-75.16,46.0,4.68
357,Port Macquarie,46,AU,1587212192,94,-31.43,152.92,55.0,4.63
358,Bilibino,10,RU,1587212192,83,68.05,166.44,-7.13,6.11
359,Dwārka,0,IN,1587212193,79,22.24,68.97,81.39,14.07
360,Albox,99,ES,1587212193,59,37.39,-2.15,70.0,1.01
361,Labuan,75,MY,1587212117,88,5.28,115.24,82.4,2.24
362,Businga,98,CD,1587212194,51,3.33,20.88,86.25,4.76
363,Torbay,75,CA,1587212194,89,47.67,-52.73,36.0,17.22
364,Pilāni,99,IN,1587212195,15,28.37,75.6,95.65,8.23
365,Morón,0,AR,1587212195,76,-34.65,-58.62,64.0,5.01
366,Mayumba,60,GA,1587212196,78,-3.43,10.66,83.55,11.54
367,Kumul,48,CN,1587212197,15,42.8,93.45,73.89,4.36
368,Kindu,99,CD,1587212163,42,-2.95,25.95,89.73,1.32
369,Nova Borova,0,UA,1587212197,43,50.69,28.63,49.75,12.28
370,Matagami,1,CA,1587212198,73,49.75,-77.63,24.8,9.17
371,Berlevåg,97,NO,1587212198,83,70.86,29.09,36.14,17.27
372,Port Elizabeth,10,ZA,1587212198,64,-33.92,25.57,75.2,14.99
373,Ust'-Kulom,100,RU,1587212199,88,61.69,53.69,39.36,4.05
374,Clyde River,90,CA,1587212199,85,70.47,-68.59,12.2,17.22
375,Vila Franca do Campo,20,PT,1587212199,72,37.72,-25.43,62.6,12.75
376,Necochea,0,AR,1587212199,76,-38.55,-58.74,61.0,15.01
377,Kavaratti,56,IN,1587212199,68,10.57,72.64,85.75,8.08
378,Pizarro,98,CO,1587212200,88,4.95,-77.37,76.91,7.74
379,Normandin,40,CA,1587212200,54,48.83,-72.53,28.4,17.22
380,Isangel,100,VU,1587212200,82,-19.55,169.27,79.07,9.66
381,Pontiac,40,US,1587212097,92,42.64,-83.29,35.01,4.7
382,Jalu,0,LY,1587212200,16,29.03,21.55,81.97,3.22
383,Kouroussa,96,GN,1587212200,29,10.65,-9.88,96.24,6.71
384,Tommot,100,RU,1587212201,87,58.96,126.29,13.69,2.37
385,Sabang,29,ID,1587212201,73,5.89,95.32,83.95,6.11
386,Olbia,40,IT,1587212201,68,40.92,9.49,68.0,11.41
387,Comodoro Rivadavia,49,AR,1587212199,66,-45.87,-67.5,53.6,6.93
388,Kaa-Khem,8,RU,1587212201,36,51.68,94.73,48.13,5.44
389,La Libertad,75,EC,1587212202,83,-2.23,-80.9,77.0,3.2
390,Sakaiminato,75,JP,1587212202,76,35.55,133.23,55.4,12.75
391,Constantine,40,DZ,1587212069,47,36.37,6.61,78.8,3.36
392,San Quintín,50,MX,1587212202,75,30.48,-115.95,57.51,9.98
393,Yulara,20,AU,1587212203,28,-25.24,130.99,80.6,6.93
394,Lewisville,5,US,1587212203,81,33.05,-96.99,44.01,5.01
395,Micheweni,100,TZ,1587212204,83,-4.97,39.83,80.85,13.44
396,Līsakovsk,100,KZ,1587212204,49,52.54,62.49,56.64,15.21
397,Belaya Rechka,40,RU,1587212204,29,43.44,43.53,62.6,4.47
398,Gojra,32,PK,1587212205,29,31.15,72.69,88.21,6.06
399,Shunyi,100,CN,1587212205,39,40.12,116.65,73.0,4.47
400,Sirte,0,LY,1587212205,42,31.21,16.59,72.45,9.1
401,Prescott,1,US,1587212122,86,34.54,-112.47,39.2,3.36
402,Cidreira,24,BR,1587212205,78,-30.18,-50.21,66.99,1.41
403,Puerto Baquerizo Moreno,96,EC,1587212206,83,-0.9,-89.6,77.95,8.5
404,Powell River,75,CA,1587212206,81,49.85,-124.54,46.4,3.36
405,Poronaysk,10,RU,1587212207,91,49.22,143.12,33.78,7.0
406,Acapulco de Juárez,20,MX,1587212207,65,16.86,-99.89,77.0,3.24
407,Ust-Kuyga,4,RU,1587212207,83,70.02,135.6,-8.07,1.48
408,Lata,69,PT,1587212208,55,40.16,-8.33,72.0,3.62
409,Makakilo City,1,US,1587212208,88,21.35,-158.09,73.4,8.12
410,Vitim,98,RU,1587212209,89,59.45,112.56,19.53,6.93
411,Rabaul,100,PG,1587212209,78,-4.2,152.17,81.54,2.68
412,‘Āhuimanu,40,US,1587212210,54,21.44,-157.84,78.8,10.29
413,Perth,75,AU,1587211940,93,-31.93,115.83,66.99,4.7
414,Wajima,28,JP,1587212211,88,37.4,136.9,52.32,4.79
415,Chernyshevskiy,40,RU,1587212211,90,63.01,112.47,10.9,5.73
416,Westport,90,US,1587211923,100,41.14,-73.36,41.0,9.17
417,Mujiayingzi,100,CN,1587212211,28,42.12,118.78,56.12,7.18
418,Beni Suef,0,EG,1587212211,24,29.07,31.1,84.22,13.94
419,Eshowe,0,ZA,1587212211,51,-28.89,31.47,76.75,8.34
420,Mugumu,96,TZ,1587212212,61,-1.85,34.7,68.47,7.05
421,Huron,64,US,1587212212,90,41.15,-82.55,33.01,4.0
422,Wasilla,90,US,1587212213,87,61.58,-149.44,42.8,5.82
423,Quesnel,1,CA,1587212213,74,53.0,-122.5,32.0,3.36
424,Offa,63,NG,1587212213,40,8.15,4.72,94.05,6.98
425,Teahupoo,20,PF,1587212213,83,-17.83,-149.27,80.01,2.24
426,Tilichiki,0,RU,1587212214,91,60.47,166.1,5.22,10.09
427,Guilin,75,CN,1587212215,94,25.28,110.29,71.6,2.48
428,Udimskiy,96,RU,1587212215,65,61.14,45.91,41.32,3.22
429,Mozhaysk,96,RU,1587212215,57,55.5,36.03,43.25,14.38
430,Agüimes,75,ES,1587212215,56,27.91,-15.45,71.6,8.05
431,Zhigansk,0,RU,1587212215,91,66.77,123.37,6.76,12.57
432,Faya,40,SA,1587212216,44,18.39,42.45,80.6,11.41
433,Lokoja,73,NG,1587212216,48,7.8,6.74,94.03,5.44
434,Amapá,100,BR,1587212216,89,1.0,-52.0,75.76,1.36
435,Dubno,18,UA,1587212217,21,50.42,25.73,51.8,2.24
436,Hualmay,43,PE,1587212217,81,-11.1,-77.61,69.94,5.66
437,Skellefteå,0,SE,1587212217,36,64.75,20.95,46.4,13.87
438,Meulaboh,57,ID,1587212217,76,4.14,96.13,81.97,2.84
439,Vila,75,PT,1587212118,87,42.03,-8.16,57.2,6.93
440,Raymondville,90,US,1587212218,100,26.48,-97.78,78.01,3.36
441,Moree,18,AU,1587212218,43,-29.47,149.85,55.4,3.36
442,Trindade,75,BR,1587212218,94,-16.65,-49.49,71.6,4.7
443,Yerbogachën,17,RU,1587211924,87,61.28,108.01,17.89,7.52
444,Nanortalik,89,GL,1587212219,90,60.14,-45.24,28.4,8.46
445,Kaeo,20,NZ,1587212219,94,-35.1,173.78,60.01,5.99
446,Seymchan,97,RU,1587212219,84,62.88,152.43,-2.2,8.3
447,Calbuco,75,CL,1587212219,93,-41.77,-73.13,55.4,5.82
448,Cuencamé de Ceniceros,96,MX,1587212220,30,24.87,-103.7,62.4,6.33
449,Usinsk,96,RU,1587212220,97,65.99,57.53,35.55,6.67
450,Owando,97,CG,1587212221,51,-0.48,15.9,89.1,3.83
451,Marabba,80,SD,1587212221,7,12.35,32.18,102.56,7.9
452,Nabire,100,ID,1587212221,85,-3.37,135.48,78.82,1.1
453,Vanimo,62,PG,1587212222,79,-2.67,141.3,81.91,5.68
454,Vardø,75,NO,1587212222,80,70.37,31.11,35.6,6.93
455,Hindoria,56,IN,1587212223,22,23.9,79.57,92.86,10.76
456,Liverpool,40,GB,1587212125,81,53.41,-2.98,48.99,8.05
457,Fairbanks,90,US,1587212223,100,64.84,-147.72,37.99,3.36
458,Saint George,1,US,1587211941,76,37.1,-113.58,52.0,3.36
459,Luxor,97,EG,1587212224,34,25.7,32.64,82.4,6.93
460,Salinas,90,US,1587212224,76,36.68,-121.66,55.4,6.93
461,Tabas,73,IR,1587212224,24,33.6,56.92,75.25,3.76
462,Maniitsoq,100,GL,1587212225,90,65.42,-52.9,25.9,17.11
463,San Andrés,20,CO,1587212225,83,12.58,-81.7,78.8,5.82
464,Atherton,99,GB,1587212105,61,53.52,-2.49,50.0,4.0
465,Luís Correia,78,BR,1587212225,79,-2.88,-41.67,82.85,2.73
466,Griffith,75,US,1587212226,87,41.53,-87.42,35.6,6.93
467,Petropavlovsk-Kamchatskiy,3,RU,1587212226,55,53.05,158.65,37.4,2.24
468,Florence,40,IT,1587212226,64,43.77,11.25,68.0,6.93
469,Mahajanga,20,MG,1587212226,39,-15.72,46.32,95.0,6.93
470,Bairiki Village,75,KI,1587212227,88,1.33,172.98,80.6,5.82
471,Lokosovo,98,RU,1587212227,69,61.13,74.82,54.16,11.1
472,Thunder Bay,90,CA,1587212026,44,48.4,-89.32,41.0,11.41
473,Meoqui,100,MX,1587212228,21,28.28,-105.48,59.41,3.13
474,San Nicolas,40,PH,1587212228,88,18.17,120.6,82.4,3.36
475,El Tigre,69,VE,1587212228,61,8.89,-64.25,76.06,13.44
476,Porto Velho,75,BR,1587212228,78,-8.76,-63.9,73.4,4.7
477,Ketchikan,1,US,1587212229,100,55.34,-131.65,44.6,6.93
478,Inhambane,40,MZ,1587212229,58,-23.86,35.38,87.8,9.17
479,Abnūb,24,EG,1587212229,36,27.27,31.15,77.0,11.41
480,Almenara,82,BR,1587212192,80,-16.18,-40.69,75.24,4.59
481,Mareeba,40,AU,1587212229,83,-17.0,145.43,78.8,1.16
482,Davydovka,73,RU,1587212230,46,51.16,39.43,49.6,16.28
483,Turiaçu,100,BR,1587212230,93,-1.66,-45.37,76.98,3.69
484,Marystown,56,CA,1587212230,87,47.17,-55.15,33.12,10.78
485,Buta,95,CD,1587212230,55,2.79,24.73,83.73,2.57
486,Mukhen,13,RU,1587212230,50,48.1,136.1,50.04,3.76
487,Mweka,89,CD,1587212163,75,-4.85,21.57,80.31,2.44
488,Riyadh,75,SA,1587212110,27,24.69,46.72,89.6,13.87
489,Carutapera,98,BR,1587212231,87,-1.2,-46.02,78.48,5.08
490,Ahipara,27,NZ,1587212231,87,-35.17,173.17,63.81,11.68
491,Wynyard,89,AU,1587212231,9,-41.0,145.72,55.99,3.0
492,Naples,40,IT,1587212220,64,40.83,14.25,68.0,6.93
493,Urengoy,100,RU,1587212232,98,65.97,78.37,38.61,19.66
494,Saryozek,0,KZ,1587212232,24,44.36,77.98,61.81,9.44
495,Hachinohe,90,JP,1587212232,87,40.5,141.5,50.0,21.92
496,Mayor Pablo Lagerenza,21,PY,1587212232,41,-19.93,-60.77,66.85,3.87
497,Oltu,79,TR,1587212232,19,40.55,42.0,66.0,5.01
498,Kul'dur,27,RU,1587212232,45,49.22,131.63,46.38,1.12
499,Touros,40,BR,1587212233,94,-5.2,-35.46,78.8,4.25
500,Onega,99,RU,1587212233,93,63.91,38.14,33.22,11.01
501,Aden,33,YE,1587211986,65,12.78,45.04,86.95,16.51
502,Sistranda,75,NO,1587212173,86,63.73,8.83,45.0,18.34
503,Mananjary,16,MG,1587212234,69,-21.22,48.33,80.64,7.63
504,Rosetta,0,EG,1587212234,64,31.4,30.42,71.6,11.41
505,Sapele,41,NG,1587212234,60,5.89,5.68,90.88,6.62
506,Khani,40,GE,1587212234,44,41.96,42.96,75.2,10.29
507,Port Pirie,75,AU,1587212235,77,-33.18,138.02,60.8,5.82
508,Kamenka,65,RU,1587212235,47,51.32,42.77,48.61,15.7
509,Santoña,20,ES,1587212235,77,43.44,-3.46,63.0,6.93
510,São Filipe,1,CV,1587212235,73,14.9,-24.5,70.92,25.41
511,Sayyan,60,YE,1587212236,21,15.17,44.32,71.11,6.89
512,Katsuura,20,JP,1587212236,67,35.13,140.3,60.8,23.04
513,Zhezkazgan,75,KZ,1587212236,21,47.8,67.71,75.2,15.66
514,Guozhen,96,CN,1587212236,62,34.37,107.36,53.02,6.69
515,Bud,1,US,1587212237,89,39.45,-86.18,35.01,3.36
516,Ponta Delgada,20,PT,1587212237,72,37.73,-25.67,62.6,12.75
517,Saint-Pierre,25,RE,1587212001,69,-21.34,55.48,82.4,24.16
518,Urambo,99,TZ,1587212237,56,-5.07,32.05,77.38,6.13
519,Visnes,0,NO,1587212237,70,59.36,5.22,52.0,10.29
520,Distrikt Brokopondo,79,SR,1587212238,75,4.75,-55.17,80.96,3.02
521,Wewak,78,PG,1587212238,79,-3.55,143.63,80.83,6.02
522,Kloulklubed,90,PW,1587212040,88,7.04,134.26,80.6,8.05
523,Valdivia,40,CL,1587212238,100,-39.81,-73.25,59.0,4.7
524,Pak Chong,70,TH,1587212238,52,14.71,101.42,84.94,2.19
525,Mana,81,GF,1587212238,76,5.66,-53.78,82.35,7.54
526,Vila do Maio,20,CV,1587212238,42,15.13,-23.22,80.6,24.16
527,Paita,8,PE,1587212239,77,-5.09,-81.11,72.52,10.02
528,Luanda,75,AO,1587211971,74,-8.84,13.23,82.4,8.05
529,Pastavy,71,BY,1587212239,50,55.12,26.83,47.17,14.63
530,Schmalkalden,92,DE,1587212239,46,50.72,10.45,73.0,2.57
531,Kerrobert,90,CA,1587212240,86,51.92,-109.13,33.8,13.87
532,Havre-St-Pierre,1,CA,1587212240,45,50.23,-63.6,26.6,3.36
533,Northam,55,GB,1587212241,88,51.03,-4.22,55.99,3.0
534,Kiama,40,AU,1587212241,93,-34.68,150.87,57.2,5.82
535,Kirkuk,3,IQ,1587212241,21,35.47,44.39,81.91,9.78
536,Noumea,34,NC,1587212095,65,-22.28,166.46,77.0,4.7
537,Markova,27,UA,1587212241,26,48.68,24.41,57.2,2.24
538,Andenes,100,NO,1587212242,100,69.31,16.12,39.2,12.75
539,Kuril'sk,0,RU,1587212242,74,45.23,147.88,37.74,5.79
540,Whitehorse,20,CA,1587212225,80,60.72,-135.05,32.0,3.36
541,Palomares,62,MX,1587212242,85,17.15,-95.07,75.16,4.63
542,Camacha,20,PT,1587212243,63,33.08,-16.33,66.2,11.41
543,Alyangula,32,AU,1587212243,94,-13.85,136.42,77.0,8.68
544,Fort Frances,90,CA,1587212243,41,48.6,-93.4,42.8,6.93
545,Beryslav,34,UA,1587212244,47,46.84,33.43,60.01,8.46
546,Bose,100,IT,1587212244,46,45.46,8.01,73.0,5.01
547,Haverfordwest,93,GB,1587212244,76,51.8,-4.97,51.8,5.82
548,San Isidro,97,PE,1587212244,88,-12.12,-77.05,66.2,3.36
549,Ambikāpur,40,IN,1587212244,17,23.12,83.2,92.98,6.76
550,Takaka,55,NZ,1587212245,92,-40.85,172.8,57.0,3.0
551,Senneterre,20,CA,1587212245,73,48.38,-77.23,26.6,9.17
552,Kingston,20,JM,1587211999,74,18.0,-76.79,78.8,4.7
553,Tabou,79,CI,1587212245,80,4.42,-7.35,84.72,8.84
554,Lagos,75,NG,1587212245,66,6.58,3.75,91.4,5.82
555,Chanika,100,TZ,1587212245,79,-5.42,38.02,71.4,4.18
556,Martapura,40,ID,1587212246,74,-3.42,114.85,86.0,3.36
557,Greensburg,90,US,1587212247,100,40.3,-79.54,37.0,10.29
558,Puebla,5,MX,1587212244,66,18.83,-98.0,57.0,4.7
559,Tarakan,82,ID,1587212247,73,3.3,117.63,82.99,5.7
560,Bonavista,48,CA,1587212247,69,48.65,-53.11,32.0,14.0
561,Teguise,75,ES,1587212248,82,29.06,-13.56,66.2,12.75
562,Kutulik,78,RU,1587212248,52,53.35,102.78,39.67,12.86
563,Pitsunda,61,GE,1587212248,48,43.16,40.34,64.0,13.42
564,Wonthaggi,100,AU,1587212248,96,-38.6,145.59,54.0,5.64
565,Chingirlau,97,KZ,1587212249,57,51.09,54.08,51.85,12.73
566,Fort Nelson,20,CA,1587212249,82,58.81,-122.7,32.0,6.93
567,Grindavik,90,IS,1587212249,93,63.84,-22.43,46.4,24.16
568,Mahenge,86,TZ,1587212249,70,-8.68,36.72,74.91,3.13
569,Conselheiro Lafaiete,75,BR,1587212074,93,-20.66,-43.79,59.0,4.7
570,Sept-Îles,20,CA,1587212098,53,50.2,-66.38,26.6,1.14
571,Butembo,99,CD,1587212250,64,0.15,29.28,65.52,1.57
572,Osa,100,RU,1587212251,65,57.28,55.46,41.77,13.51
573,Vestmanna,0,FO,1587212251,75,62.16,-7.17,46.4,19.46
574,Uyuni,0,BO,1587212251,22,-20.46,-66.83,41.99,4.45
575,Bengkulu,93,ID,1587211960,78,-3.8,102.27,79.95,1.28
576,Port Lincoln,16,AU,1587212251,73,-34.73,135.87,61.02,5.35
577,La Sarre,17,CA,1587211970,92,48.8,-79.2,24.62,8.95
578,Turukhansk,100,RU,1587212252,78,65.82,87.98,40.32,12.3
579,George,1,ZA,1587212252,47,-33.96,22.46,77.0,6.93
580,Pemangkat,97,ID,1587212017,83,1.17,108.97,78.55,4.45
581,Rockwall,1,US,1587212253,100,32.9,-96.4,44.01,5.93
582,Forestville,1,US,1587212253,93,38.85,-76.88,48.2,3.24
583,Constitución,95,CL,1587212253,92,-35.33,-72.42,61.61,6.44
584,Mishelevka,94,RU,1587212253,53,52.86,103.17,40.86,12.88
585,Sinawilan,20,PH,1587212254,69,6.75,125.25,82.4,3.36
586,Lüderitz,0,NA,1587212254,56,-26.65,15.16,71.6,3.36
